<?xml version="1.0" encoding="UTF-8"?>
<configurationDescriptor version="100">
  <logicalFolder name="root" displayName="root" projectFiles="true" kind="ROOT">
    <logicalFolder name="HeaderFiles"
                   displayName="Header Files"
                   projectFiles="true">
      <itemPath>BMA220.h</itemPath>
      <itemPath>dmx/DominoParams.h</itemPath>
      <itemPath>dmx/DominoState.h</itemPath>
      <itemPath>dmx/DominoController.h</itemPath>
      <itemPath>dmx/DominoPlayer.h</itemPath>
      <itemPath>ISensor.h</itemPath>
      <itemPath>LISD3H.h</itemPath>
      <itemPath>OscController.h</itemPath>
      <itemPath>dmx/enttecdmxusb.h</itemPath>
      <itemPath>common.h</itemPath>
      <itemPath>dmx/errcode.h</itemPath>
      <itemPath>dmx/rs232.h</itemPath>
      <itemPath>dmx/types.h</itemPath>
    </logicalFolder>
    <logicalFolder name="ip" displayName="ip" projectFiles="true">
      <logicalFolder name="posix" displayName="posix" projectFiles="true">
        <itemPath>ip/posix/NetworkingUtils.cpp</itemPath>
        <itemPath>ip/posix/UdpSocket.cpp</itemPath>
      </logicalFolder>
      <itemPath>ip/IpEndpointName.cpp</itemPath>
      <itemPath>ip/IpEndpointName.h</itemPath>
      <itemPath>ip/NetworkingUtils.h</itemPath>
      <itemPath>ip/PacketListener.h</itemPath>
      <itemPath>ip/TimerListener.h</itemPath>
      <itemPath>ip/UdpSocket.h</itemPath>
    </logicalFolder>
    <logicalFolder name="osc" displayName="osc" projectFiles="true">
      <itemPath>osc/MessageMappingOscPacketListener.h</itemPath>
      <itemPath>osc/OscException.h</itemPath>
      <itemPath>osc/OscHostEndianness.h</itemPath>
      <itemPath>osc/OscOutboundPacketStream.cpp</itemPath>
      <itemPath>osc/OscOutboundPacketStream.h</itemPath>
      <itemPath>osc/OscPacketListener.h</itemPath>
      <itemPath>osc/OscPrintReceivedElements.cpp</itemPath>
      <itemPath>osc/OscPrintReceivedElements.h</itemPath>
      <itemPath>osc/OscReceivedElements.cpp</itemPath>
      <itemPath>osc/OscReceivedElements.h</itemPath>
      <itemPath>osc/OscTypes.cpp</itemPath>
      <itemPath>osc/OscTypes.h</itemPath>
    </logicalFolder>
    <logicalFolder name="ResourceFiles"
                   displayName="Resource Files"
                   projectFiles="true">
    </logicalFolder>
    <logicalFolder name="SourceFiles"
                   displayName="Source Files"
                   projectFiles="true">
      <itemPath>BMA220.cpp</itemPath>
      <itemPath>dmx/DominoParams.cpp</itemPath>
      <itemPath>dmx/DominoState.cpp</itemPath>
      <itemPath>dmx/DominoController.cpp</itemPath>
      <itemPath>dmx/DominoPlayer.cpp</itemPath>
      <itemPath>LISD3H.cpp</itemPath>
      <itemPath>OscController.cpp</itemPath>
      <itemPath>dmx/enttecdmxusb.cpp</itemPath>
      <itemPath>../jsoncpp/jsoncpp.cpp</itemPath>
      <itemPath>main.cpp</itemPath>
      <itemPath>dmx/rs232.cpp</itemPath>
    </logicalFolder>
    <logicalFolder name="TestFiles"
                   displayName="Test Files"
                   projectFiles="false"
                   kind="TEST_LOGICAL_FOLDER">
    </logicalFolder>
    <logicalFolder name="ExternalFiles"
                   displayName="Important Files"
                   projectFiles="false"
                   kind="IMPORTANT_FILES_FOLDER">
      <itemPath>Makefile</itemPath>
    </logicalFolder>
  </logicalFolder>
  <sourceRootList>
    <Elem>ip</Elem>
    <Elem>osc</Elem>
  </sourceRootList>
  <projectmakefile>Makefile</projectmakefile>
  <confs>
    <conf name="Debug" type="1">
      <toolsSet>
        <compilerSet>default</compilerSet>
        <dependencyChecking>true</dependencyChecking>
        <rebuildPropChanged>false</rebuildPropChanged>
      </toolsSet>
      <compileType>
        <ccTool>
          <standard>8</standard>
          <incDir>
            <pElem>.</pElem>
            <pElem>../jsoncpp</pElem>
          </incDir>
        </ccTool>
        <linkerTool>
          <linkerLibItems>
            <linkerLibFileItem>/usr/local/lib/libboost_system.so.1.62.0</linkerLibFileItem>
          </linkerLibItems>
          <commandLine>-lwiringPi -pthread -lusb</commandLine>
        </linkerTool>
      </compileType>
      <item path="../jsoncpp/jsoncpp.cpp" ex="false" tool="1" flavor2="0">
      </item>
      <item path="BMA220.cpp" ex="false" tool="1" flavor2="0">
      </item>
      <item path="BMA220.h" ex="false" tool="3" flavor2="0">
      </item>
      <item path="ISensor.h" ex="false" tool="3" flavor2="0">
      </item>
      <item path="LISD3H.cpp" ex="false" tool="1" flavor2="0">
      </item>
      <item path="LISD3H.h" ex="false" tool="3" flavor2="0">
      </item>
      <item path="OscController.cpp" ex="false" tool="1" flavor2="0">
      </item>
      <item path="OscController.h" ex="false" tool="3" flavor2="0">
      </item>
      <item path="dmx/DominoParams.cpp" ex="false" tool="1" flavor2="0">
      </item>
      <item path="dmx/DominoParams.h" ex="false" tool="3" flavor2="0">
      </item>
      <item path="dmx/DominoState.cpp" ex="false" tool="1" flavor2="0">
      </item>
      <item path="dmx/DominoState.h" ex="false" tool="3" flavor2="0">
      </item>
      <item path="dmx/DominoController.cpp" ex="false" tool="1" flavor2="0">
      </item>
      <item path="dmx/DominoController.h" ex="false" tool="3" flavor2="0">
      </item>
      <item path="dmx/DominoPlayer.cpp" ex="false" tool="1" flavor2="0">
      </item>
      <item path="dmx/DominoPlayer.h" ex="false" tool="3" flavor2="0">
      </item>
      <item path="dmx/enttecdmxusb.cpp" ex="false" tool="1" flavor2="0">
      </item>
      <item path="dmx/enttecdmxusb.h" ex="false" tool="3" flavor2="0">
      </item>
      <item path="dmx/errcode.h" ex="false" tool="3" flavor2="0">
      </item>
      <item path="dmx/rs232.cpp" ex="false" tool="1" flavor2="0">
      </item>
      <item path="dmx/rs232.h" ex="false" tool="3" flavor2="0">
      </item>
      <item path="dmx/types.h" ex="false" tool="3" flavor2="0">
      </item>
      <item path="common.h" ex="false" tool="3" flavor2="0">
      </item>
      <item path="ip/IpEndpointName.cpp" ex="false" tool="1" flavor2="0">
      </item>
      <item path="ip/IpEndpointName.h" ex="false" tool="3" flavor2="0">
      </item>
      <item path="ip/NetworkingUtils.h" ex="false" tool="3" flavor2="0">
      </item>
      <item path="ip/PacketListener.h" ex="false" tool="3" flavor2="0">
      </item>
      <item path="ip/TimerListener.h" ex="false" tool="3" flavor2="0">
      </item>
      <item path="ip/UdpSocket.h" ex="false" tool="3" flavor2="0">
      </item>
      <item path="ip/posix/NetworkingUtils.cpp" ex="false" tool="1" flavor2="0">
      </item>
      <item path="ip/posix/UdpSocket.cpp" ex="false" tool="1" flavor2="0">
      </item>
      <item path="main.cpp" ex="false" tool="1" flavor2="0">
      </item>
      <item path="osc/MessageMappingOscPacketListener.h"
            ex="false"
            tool="3"
            flavor2="0">
      </item>
      <item path="osc/OscException.h" ex="false" tool="3" flavor2="0">
      </item>
      <item path="osc/OscHostEndianness.h" ex="false" tool="3" flavor2="0">
      </item>
      <item path="osc/OscOutboundPacketStream.cpp" ex="false" tool="1" flavor2="0">
      </item>
      <item path="osc/OscOutboundPacketStream.h" ex="false" tool="3" flavor2="0">
      </item>
      <item path="osc/OscPacketListener.h" ex="false" tool="3" flavor2="0">
      </item>
      <item path="osc/OscPrintReceivedElements.cpp" ex="false" tool="1" flavor2="0">
      </item>
      <item path="osc/OscPrintReceivedElements.h" ex="false" tool="3" flavor2="0">
      </item>
      <item path="osc/OscReceivedElements.cpp" ex="false" tool="1" flavor2="0">
      </item>
      <item path="osc/OscReceivedElements.h" ex="false" tool="3" flavor2="0">
      </item>
      <item path="osc/OscTypes.cpp" ex="false" tool="1" flavor2="0">
      </item>
      <item path="osc/OscTypes.h" ex="false" tool="3" flavor2="0">
      </item>
    </conf>
    <conf name="Release" type="1">
      <toolsSet>
        <compilerSet>default</compilerSet>
        <dependencyChecking>true</dependencyChecking>
        <rebuildPropChanged>false</rebuildPropChanged>
      </toolsSet>
      <compileType>
        <cTool>
          <developmentMode>5</developmentMode>
        </cTool>
        <ccTool>
          <developmentMode>5</developmentMode>
          <standard>8</standard>
          <incDir>
            <pElem>.</pElem>
            <pElem>../jsoncpp</pElem>
          </incDir>
        </ccTool>
        <fortranCompilerTool>
          <developmentMode>5</developmentMode>
        </fortranCompilerTool>
        <asmTool>
          <developmentMode>5</developmentMode>
        </asmTool>
        <linkerTool>
          <linkerLibItems>
            <linkerLibFileItem>/usr/local/lib/libboost_system.so.1.62.0</linkerLibFileItem>
          </linkerLibItems>
          <commandLine>-lwiringPi -pthread -lusb</commandLine>
        </linkerTool>
      </compileType>
      <item path="../jsoncpp/jsoncpp.cpp" ex="false" tool="1" flavor2="0">
      </item>
      <item path="BMA220.cpp" ex="false" tool="1" flavor2="0">
      </item>
      <item path="BMA220.h" ex="false" tool="3" flavor2="0">
      </item>
      <item path="ISensor.h" ex="false" tool="3" flavor2="0">
      </item>
      <item path="LISD3H.cpp" ex="false" tool="1" flavor2="0">
      </item>
      <item path="LISD3H.h" ex="false" tool="3" flavor2="0">
      </item>
      <item path="OscController.cpp" ex="false" tool="1" flavor2="0">
      </item>
      <item path="OscController.h" ex="false" tool="3" flavor2="0">
      </item>
      <item path="dmx/DominoParams.cpp" ex="false" tool="1" flavor2="0">
      </item>
      <item path="dmx/DominoParams.h" ex="false" tool="3" flavor2="0">
      </item>
      <item path="dmx/DominoState.cpp" ex="false" tool="1" flavor2="0">
      </item>
      <item path="dmx/DominoState.h" ex="false" tool="3" flavor2="0">
      </item>
      <item path="dmx/DominoController.cpp" ex="false" tool="1" flavor2="0">
      </item>
      <item path="dmx/DominoController.h" ex="false" tool="3" flavor2="0">
      </item>
      <item path="dmx/DominoPlayer.cpp" ex="false" tool="1" flavor2="0">
      </item>
      <item path="dmx/DominoPlayer.h" ex="false" tool="3" flavor2="0">
      </item>
      <item path="dmx/enttecdmxusb.cpp" ex="false" tool="1" flavor2="0">
      </item>
      <item path="dmx/enttecdmxusb.h" ex="false" tool="3" flavor2="0">
      </item>
      <item path="dmx/errcode.h" ex="false" tool="3" flavor2="0">
      </item>
      <item path="dmx/rs232.cpp" ex="false" tool="1" flavor2="0">
      </item>
      <item path="dmx/rs232.h" ex="false" tool="3" flavor2="0">
      </item>
      <item path="dmx/types.h" ex="false" tool="3" flavor2="0">
      </item>
      <item path="common.h" ex="false" tool="3" flavor2="0">
      </item>
      <item path="ip/IpEndpointName.cpp" ex="false" tool="1" flavor2="0">
      </item>
      <item path="ip/IpEndpointName.h" ex="false" tool="3" flavor2="0">
      </item>
      <item path="ip/NetworkingUtils.h" ex="false" tool="3" flavor2="0">
      </item>
      <item path="ip/PacketListener.h" ex="false" tool="3" flavor2="0">
      </item>
      <item path="ip/TimerListener.h" ex="false" tool="3" flavor2="0">
      </item>
      <item path="ip/UdpSocket.h" ex="false" tool="3" flavor2="0">
      </item>
      <item path="ip/posix/NetworkingUtils.cpp" ex="false" tool="1" flavor2="0">
      </item>
      <item path="ip/posix/UdpSocket.cpp" ex="false" tool="1" flavor2="0">
      </item>
      <item path="main.cpp" ex="false" tool="1" flavor2="0">
      </item>
      <item path="osc/MessageMappingOscPacketListener.h"
            ex="false"
            tool="3"
            flavor2="0">
      </item>
      <item path="osc/OscException.h" ex="false" tool="3" flavor2="0">
      </item>
      <item path="osc/OscHostEndianness.h" ex="false" tool="3" flavor2="0">
      </item>
      <item path="osc/OscOutboundPacketStream.cpp" ex="false" tool="1" flavor2="0">
      </item>
      <item path="osc/OscOutboundPacketStream.h" ex="false" tool="3" flavor2="0">
      </item>
      <item path="osc/OscPacketListener.h" ex="false" tool="3" flavor2="0">
      </item>
      <item path="osc/OscPrintReceivedElements.cpp" ex="false" tool="1" flavor2="0">
      </item>
      <item path="osc/OscPrintReceivedElements.h" ex="false" tool="3" flavor2="0">
      </item>
      <item path="osc/OscReceivedElements.cpp" ex="false" tool="1" flavor2="0">
      </item>
      <item path="osc/OscReceivedElements.h" ex="false" tool="3" flavor2="0">
      </item>
      <item path="osc/OscTypes.cpp" ex="false" tool="1" flavor2="0">
      </item>
      <item path="osc/OscTypes.h" ex="false" tool="3" flavor2="0">
      </item>
    </conf>
  </confs>
</configurationDescriptor>
