{
    "name":"BALAFON STATION - ID 1",
    "id":51, 
    "baselineValueDMX" : 30, 
    "sequence":
    [
        { "fade":"00s 200", "sustain":"01s 500", "dmx":[ {"-3":70},{"-2":80},{"-1":100},{"0":150},{"1":100},{"2":80},{"3":70} ] },
        { "fade":"01s 000", "sustain":"00s 000", "dmx":[ {"-3":70},{"-2":80},{"-1":100},{"1":100},{"2":80},{"3":70} ] },
        { "fade":"00s 700", "sustain":"00s 000", "dmx":[ {"-3":70},{"-2":70},{"2":80},{"3":70} ] },
        { "fade":"00s 700", "sustain":"00s 000", "dmx":[ {"-3":70},{"3":70} ] },
        { "fade":"00s 700", "sustain":"00s 000", "dmx":[] }
    ]
}
