<?xml version="1.0" encoding="UTF-8"?>
<project-private xmlns="http://www.netbeans.org/ns/project-private/1">
    <data xmlns="http://www.netbeans.org/ns/make-project-private/1">
        <activeConfTypeElem>1</activeConfTypeElem>
        <activeConfIndexElem>0</activeConfIndexElem>
    </data>
    <editor-bookmarks xmlns="http://www.netbeans.org/ns/editor-bookmarks/2" lastBookmarkId="0"/>
    <open-files xmlns="http://www.netbeans.org/ns/projectui-open-files/2">
        <group>
            <file>file:/home/simon/code/Domino/BMA220.cpp</file>
            <file>file:/home/simon/code/Domino/LISD3H.cpp</file>
            <file>file:/home/simon/code/Domino/dmx/types.h</file>
            <file>file:/home/simon/code/Domino/OscController.h</file>
            <file>file:/home/simon/code/Domino/ISensor.h</file>
            <file>file:/home/simon/code/Domino/dmx/DominoController.cpp</file>
            <file>file:/home/simon/code/Domino/BMA220.h</file>
            <file>file:/home/simon/code/Domino/OscController.cpp</file>
            <file>file:/home/simon/code/Domino/LISD3H.h</file>
            <file>file:/home/simon/code/Domino/dmx/DominoController.h</file>
        </group>
    </open-files>
</project-private>
