{
    "dominoTotalCount": 20,
    "dominoModuleCount": 2,
    "dominoModuleIndex": -1,

    "soundIntrument": 4,
    "soundModuleIndex": -1,

    "continuousFPS": 100.0,
    "dmxFPS": 40.0,

    "i2cDevice": "/dev/i2c-1",
    "dmxDevice": "/dev/ttyUSB0",

    "masterToWorkerPort": 8880,
    "workerToMasterPort": 8881,

    "soundToWorkerPort": 8800,
    "soundToMasterPort": 8801,

    "workerToSoundPort": 8000,
    "masterToSoundPort": 8001,

    "workerToSoundAddress": "127.0.0.1",
    "masterToSoundAddress": "127.0.0.1",

    "workerToWatchdogPort": 8002,
    "workerToWatchdogAddress": "127.0.0.1",

    "workerToDiagPort": 12340,
    "workerToDiagAddress": "169.254.195.238",

    "diagToWorkerPort": 12340,

    "sensorAxis": 4,

    "sensorFilterAmountL1": 0.3,
    "sensorFilterAmountL2": 0.05,
    "sensorIdleVelocityThresh": 0.018,
    "sensorWinkVelocityThresh": 0.005,
    "sensorTapCooldown": 500,
    "sensorTapMagnitudeDelay": 1,
    "sensorTapLookbackDelay": 20, 
    "sensorTapMagnitudePow": 1.5,
    "sensorTapMagnitudeMul": 20.0,
    "sensorTapLookbackThresh": 0.06,
    "sensorVelocityMultiplier": 5.0,

    "sensorHWQueue": 8,
    "sensorHWSamplesPerSec": 200,
    "sensorHWAccelRange": 8,
    "sensorHWTapThresh": 80,
    "sensorHWTapTimeLimit": 10,
    "sensorHWTapTimeLatency": 20,
    "sensorHWTapTimeWindow": 255,

    "multiplexerAddress0": 112,
    "multiplexerAddress1": 114,
    "multiplexerLanes": 5,

    "dmxEnable": true,
    "dmxInterface": "open",
    "dmxBaseline": 30,
    "dmxMultiplier": 1.0,
    "dmxPlayModeUpRange": 0.15,
    "dmxPlayModeUp": 85,
    "dmxPlayModeMax": 255,
    "dmxPlayModeMin": 5,
    "dmxPlayModeFallDelay": 400,
    "dmxPlayModeFlashDelay": 20,
    "dmxPlayModeFlashIn": 8,
    "dmxPlayModeFlashOut": 50,

    "interactTag": "/domino",
    "heartbeatTag": "/heartbeat",
    "configTag": "/config",
    "confirmTag": "/confirm",
    "idleTag": "/idle",
    "diagTag": "/diag",
    "paramTag": "/param",
    "clockTag": "/clock",

    "sleepEnable": false
}
